name,level,section,pages
ما لم يخبرني به أبي عن الحياة,1,1,226
ادرس بذكاء وليس بجهد,1,1,231
الاسلام بين الشرق والغرب,2,2,414
أيقظ قدراتك,1,1,148
طبائع الاسبتداد ومصارع الاستعباد,2,3,193
الزنزانة,1,4,433
هكذا ظهر جيل صلاح الدين,3,5,421
هكذا ربانا جدي - علي الطنطاوي,2,3,131
أنا وأخواتها,1,6,370
قصة الاندلس من الفتح الى السقوط,2,5,800
مميز بالأصفر,1,1,233
الدولة الحديثة المسلمة,2,7,458
الشورى فريضة إسلامية,2,7,169
البرلمان في الدولة الحديثة,2,7,275
التداول على السلطة التنفيذية,2,7,236
العدالة والمصالحة الوطنية,2,7,221
كيف نختلف,2,4,226
السماء في القران الكريم,2,8,610
الأرض في القران الكريم,2,8,640
الحيوان في القران الكريم,2,8,509
عبقرية محمد صلى الله عليه وسلم,1,9,161
عصر العلم,3,2,280
من روائع حضارتنا,2,5,289
الرحيق المختوم,2,9,512
الأيام,2,6,523
بأي قلب نلقاه,1,9,243
وحي القلم - الجزء الأول,3,6,344
وحي القلم - الجزء الثاني,3,6,350
وحي القلم - الجزء الثالث,3,6,392
رحلة عقل,3,8,290
كتاب المراهق,1,3,161
The Rules Of Work,2,13,241
قواعد العمل - النسخة العربية,2,1,252
ماذا أقرأ,2,1,206
كيف تكونان أما وأبا أفضل؟,1,3,342
لا تحزن - النسخة العربية,1,4,584
حجج فاسدة تجعلنا نبدو أغبياء,1,1,339
الأذكياء,1,6,318
The 7habits of highly effective people,2,13,219
الذين لم يولدوا بعد,1,9,79
أربعون خطأ في نظرية التطور,2,2,135
عندما تغير العالم,1,5,381
تهذيب سير أعلام النبلاء,2,9,1798
تاريخ فلسطين المصور,1,5,417
مقدمة ابن خلدون,3,4,851
النبأ العظيم,2,9,216
ميليشيا الالحاد,3,2,241
المؤمن الصادق,3,4,246
True Believer,2,13,227
النظرات والعبرات,2,6,782
عشرة أمور تمنيت لو عرفتها قبل دخولي الجامعة,1,1,169
سيرة أمنا عائشة بنت أبي بكر,2,12,208
فنجان من التخطيط,2,1,322
أغنى رجل في بابل,1,10,160
I Can See Clearly Now,1,13,553
DON'T BE SAD,1,13,476
العادات السبعة للناس الأكثر فاعلية,2,1,423
كيف تصبح جيداً في أي شيء في ساعتين,1,1,269
حديث الصباح,1,6,350
لأنك الله,1,9,192
خطوتك الأولى نحو فهم الاقتصاد,2,10,107
التفكير السياسي والنطرية السياسية والمجتمع المدني,3,7,498
فن الحرب,1,11,228
كوتلر يتحدث عن التسويق,2,10,267
القراءة السريعة,1,1,348
أستطيع أن أرى بوضوح الآن,2,1,427
ماذا خسر العالم بانحطاط المسلمين,3,2,264
ابدأ بالأهم ولو كان صعباً,1,1,132
ملهمون,1,1,254
حديث المساء,1,6,284
أول مرة أصلي وكان للصلاة طعم آخر,1,9,110
اني رزقت حبها,1,9,84
تأسيس عقلية الطفل,2,3,170
تحت راية القرآن,2,6,414
من الصحوة إلى اليقظة استراتيجية الإدراك للحراك,3,2,291
القواعد الإستراتيجية في الصراع والتدافع الحضاري,3,2,251
فلسفة التاريخ الفكر الاستراتيجي في فهم التاريخ - جاسم محمد سلطان,3,2,179
الذاكرة التاريخية نحو وعى استراتيجى بالتاريخ,3,2,183
التفكير الاستراتيجي والخروج من المأزق الراهن,3,2,339
قواعد في الممارسة السياسية,2,7,171
جيوبوليتيك - الجغرافيا والحلم العربي القادم,3,2,210
لحظة الإقلاع وتساؤلات المرحلة,3,2,94
27 خرافة شعبية عن القراءة,2,6,138
العرب وجهة نظر يابانية,1,4,144
مذكرات السلطان عبد الحميد,2,5,318
ابق قوياً,2,1,370
تهذيب مدارج السالكين,3,9,1168
تعريف عام بدين الإسلام,1,9,202
كيف تفقد الشعوب المناعة ضد الاستبداد,3,3,306
مع النبي صلى الله عليه وسلم,1,6,122
الداء والدواء (الجواب الكافي لمن سأل عن الدواء الشافي),2,9,678
إعجاز القرآن والبلاغة النبوية,2,9,350
تكوين المفكر,2,2,255
تجديد الفكر الديني في الإسلام,3,2,388
طبائع النساء وماجاء فيها من عجائب وغرائب وأخبار وأسرار,3,6,256
المساكين,2,6,181
100 عالم غيروا وجه العالم,1,8,211
الذاكرة (مقدمة قصيرة جداً),2,8,133
عصرنا و العيش في زمانه الصعب,2,4,382
سحر الكلمة,1,4,102
تاريخ الشام فى مطلع العهد العثماني,1,5,434
الدولة العثمانية (عوامل النهوض وأسباب السقوط),1,5,584
فيلسوف الاقتصاد: الاقتصاد والحياة اليومية,1,10,336
التنمية الاقتصادية في اليابان,2,10,298
أزمة العرب ومستقبلهم,1,7,68
صدام الحضارات,3,7,554
مع النبي ﷺ في رمضان,2,9,122
دروس رمضان وقفات للصائمين,1,9,105
الفقه الميسر في ضوء الكتاب والسنة,1,9,452
فقه السيرة,3,9,368
تيسير الكريم الرحمن في تفسير كلام المنان,3,9,1150
صفحات من تاريخ جمهورية البوسنة والهرسك,2,5,144
من فقه الدولة في الاسلام,3,9,205
الجناية على البخاري,3,9,506
العلم والحياة,2,8,134
من عجائب الخلق فى جسم الإنسان,1,8,194
الشيخ الجليل عمر المختار نشأته أعماله واستشهاده,1,5,120
قصة التتار ( من البداية الى عين جالوت),2,5,424
فقه الديمقراطية,1,7,130
في الدبلوماسية المعاصرة,2,7,292
شروط النهضة,3,2,324
هروبي إلى الحرية,3,2,470
عيش اللحظة,1,1,439
وصايا,1,1,126
مع الناس,1,6,296
التربية والتجديد,2,3,200
من اليوم لن تنام حزيناً يا بني,1,3,378
عبقرية خالد بن الوليد العسكرية,1,11,64
سلطة الثقافة الغالبة,3,2,250
الله لا يرمي النرد,3,8,241
الكون الأنيق,3,8,471
البخلاء,3,6,569
في سبيل الإصلاح,1,6,216
أليس الصبح بقريب,1,9,230
صفقات رابحة,1,9,210
شباب بلا مشاكل,1,3,295
نظرية الفستق,1,4,338
أشهر 50 خرافة في علم النفس,2,4,466
سابغات,3,2,239
إنها فاطمة الزهراء,1,12,360
الهزيمة,1,1,161
سيكولوجية الجماهير,2,2,228
تجديد الفكر العربي,3,2,388
رحماء بينهم,2,4,271
زدني علماً,3,4,479
قصف العقول,3,7,419
الموساد - اغتيال زعماء و علماء,1,7,199
سنة التفاضل,2,3,298
الأساطير المؤسسة للسياسة الاسرائيلية,3,7,338
الثقافة التلفزيونية,2,2,230
عجز الثقات,1,9,192
سحر البلاغة و سر البراعة,2,6,212
من حديث النفس,1,6,312
ثمرات الأوراق,3,6,328
التحدي الصيني أثر الصعود الصيني في حياتنا,3,10,316
مطالعات علمية,3,8,172
المخبر الاقتصادي,3,10,266
الحضارة المصرية بين الهيلينية والرومانية,1,5,98
قراءة في دفاتر بعض الحمير,2,6,216
القراءة المتأنية في عصر السرعة,1,1,463
مقدمة في علم الفلك,3,8,335
الفيزياء المسلية,2,8,265
روضة العقلاء ونزهة الفضلاء,3,6,292
المرجع في صعوبات التعلم,2,3,594
المغالطات المنطقية,3,4,274
الشكوى والعتاب وما وقع للخلان والأصحاب,3,6,372
الفوائد,2,9,368
الاقتصاد العالمي الخفي,2,10,366
السرطان (مقدمة قصيرة جداً),2,8,141
كيف عاملهم,1,9,802
how he treated them,1,13,546
أبوبكر الصديق شخصبته وعصره,2,12,314
أبوبكر الصديق خليفة الرسول صلى الله عليه وسلم,2,12,767
فخ العولمة,2,2,375
تاريخ تركيا,2,5,111
أمريكا والإبادات الجماعية,3,5,201
نباتاً حسناً,1,3,154
الأطفال المزعجون,1,3,279
التخطيط للتقدم الاقتصادي والاجتماعي,2,10,356
انهيار العولمة,3,10,203
الملك النجار,1,6,25
أليس في بلاد العجائب,1,6,144
أجمل عشر تجارب على الإطلاق,1,8,260
الذكاء الاصطناعي,3,8,215
تاريخ الجزائر في القديم والحديث ( الجزء الأول ),3,5,382
تاريخ الجزائر في القديم والحديث ( الجزء الثاني ),3,5,520
تاريخ الجزائر في القديم والحديث ( الجزء الثالث ),3,5,334
تاريخ الشرق الأدنى القديم,2,5,222
منهج كتابة التاريخ الإسلامي كيف و لماذا,1,5,270
فصل الخطاب في سيرة ابن الخطاب,2,12,703
قواعد قرآنية,1,9,328
غزوات الرسول,2,9,367
مواعظ الصحابة,2,9,288
هنيئا لمن عرف ربه \ أسماء الجلال,2,9,304
كيف تقرأ القرآن في رمضان,2,9,104
قصص الصحابة والصالحين,2,9,360
عقيدة المسلم,2,9,256
تيسير الكريم المنان في سيرة عثمان بن عفان,2,12,480
أطلس الخليفة عثمان بن عفان,1,12,325
الأسرة وصحتها النفسية,2,3,237
مقدمة في تاريخ الحضارات القديمة ( الوجيز في بلاد الرافدين ),2,5,738
أسمى المطالب في سيرة أمير المؤمنين علي بن ابي طالب,2,12,1117
الجمهور التسويق في عالم رقمي,2,10,360
أسرار القوة الذاتية,2,1,251
بناء الثقة بالنفس باستخدام الكلمات المشجعة,2,1,202
الطريق من هنا,3,4,136
شكراً أيها الأعداء,2,4,345
موسوعة الحسن والحسين,2,12,366
أطلس الخليفة علي بن أبي طالب,1,12,270
المرشد الكامل للمشروعات الصغيرة,2,10,512
الاقتصاد عارياً,1,10,311
الشخصية الساحرة,1,1,325
صناعة القائد,2,1,298
القضية الفلسطينية ، خلفياتها التاريخية وتطوراتها المعاصرة.,1,5,208
طفل يقرأ,1,3,154
صناعة الثقافة,1,2,179
معركة الأحرار,3,2,117
الطريق إلى القرآن,2,9,114
سباق نحو الجنان,2,9,188
نصوص بغدادية نادرة,1,4,238
الحرب العالمية الثانية,2,5,74
شرح غرائب العالم الحديث,1,8,148
الفيروسات (مقدمة قصيرة جداً),2,8,172
روح الحداثة,3,7,289
تاريخ العرب من بداية الحروب الصليبية إلى نهاية الدولة العثمانية,3,5,797
قيمة القيم,2,2,327
نهب الفقراء,2,10,273
الاقتصاد السياسي,2,10,132
النوم (مقدمة قصيرة جداً),2,8,160
من عجائب الخلق في عالم الأسماك,1,8,160
عقيدة الصدمة,3,7,657
سلطة الصورة الذهنية,3,4,113
صناع النقود,3,10,326
أسئلة الثورة,1,7,212
تجارب ست ثورات عالمية,3,2,263
الأجندة الخفية للعولمة,3,7,378
مقالات لكبار كتاب العربية,2,6,376
البعد الخفي,3,2,300
الهيمنة أم البقاء,3,7,318
الداروينية المتأسلمة,3,2,122
حقائق و اخطاء و أكاذيب:السياسة و الاقتصاد,3,10,500
دليل الرجل العادي الى تاريخ الفكر الاقتصادي,1,10,188
جواهر البلاغة,3,6,436
الدولة الفاشلة,2,7,369
هارون اخي,2,4,266
الفكر السياسي في القرن العشرين جزء1,3,7,457
اقرئي يا بلادي,1,4,323
الفكر السياسي في القرن العشرين جزء2,3,7,600
الشباب العربي ومشكلاته,2,3,241
متمردون لوجه الله,2,9,276
مدير الدقيقة الواحدة,1,1,102
التربيع والتدوير,2,6,50
غيّر أي شيء تقريبا خلال 21 يوماً,1,1,209
التواصل الأسري,2,3,81
مشكلات الأطفال,1,3,114
هاجس المؤامرة في الفكر العربي,2,7,231
ارتقاء الحياة,2,8,375
الإقتصاد السياسي للبطالة,2,10,461
تربية الشباب ( الأهداف و الوسائل ),1,3,146
مواقف حاسمة في تاريخ الإسلام,2,5,396
رأس المال في القرن الحادي والعشرين,3,10,655
بلاغ الرسالة القرآنية,2,9,182
شخصيات من القران الكريم,2,9,101
الحب في التربية النبوية,2,9,400
كلام في الصميم,2,1,214
الماجريات,3,2,344
جمالية الدين,2,9,165
أحداث النهاية ونهاية العالم,2,9,704
التوحد,2,4,142
حب القراءة,1,1,68
ينبوع الغواية الفكرية,3,2,621
الأب الغني و الأب الفقير,2,10,244
اينشتاين والنسبية,2,8,104
مسلكيات,1,3,188
الرأسمالية تجدد نفسها,3,10,496
مبادئ الإقتصاد السياسي,3,10,434
الحياة دليل ارشادي,1,1,548
ماذا قدم المسلمون للعالم,3,5,851
تاريخ الدولة العباسية,2,5,281
صفحات من صبر العلماء على شدائد العلم والتحصيل,1,3,152
50 شمعة لإضاءة دروبكم.,2,3,203
الإقتصاد السياسي للبطالة,3,10,461
تاريخ المماليك في مصر و بلاد الشام,2,5,608
علو الهمة,2,1,424
تكنولوجيا النانو من اجل غد أفضل,3,8,323
الإستيطان الأجنبي في الوطن العربي,1,5,263
إدارة الأولويات لمتعددي المواهب والقدارات,2,1,608
طرح الأسئلة المناسبة - المرشد لتفكير الناقد -,3,1,385
الحرية والطوفان,3,2,364
إستراتيجيات إدارة الأزمات والكوارث: دور العلاقات العامة,2,1,276
العسكرية العربية الإسلامية عقيدة وتاريخاً وقادة وتراثاً ولغة وسلاحا,1,11,205
مدنيو آسيا في زمن الحرب,2,5,382
أمريكا الكتاب الأسود,3,7,312
أزمة التعليم المعاصر,3,4,195
مقدمة في علم التفاوض الاجتماعي والسياسي,3,7,297
مكتباتهم,1,6,144
حكام العالم الجدد,2,7,257
برنامج الكفاءة الشخصية,2,1,291
خريطة العقل,2,1,433
المدخل إلى فن المناظرة,2,6,175
عولمة الفقر,3,10,330
أمير المؤمنين الحسن بن علي بن أبي طالب رضي الله عنه,2,12,480
الفكر التربوي العربي الحديث,2,3,345
آل روتشيلد,1,7,296
عصر الإنكا,3,5,264
الموهبة لا تكفي أبداً,2,1,302
فاطمة الزهراء بنت رسول الله وأم الحسنين,2,12,384
اضطراب الانتباه لدى الاطفال اسبابه وتشخيصه وعلاجه,3,3,156
قصة الأيمان,3,2,475
حول إعادة تشكيل العقل المسلم,3,2,157
الأزمة الدستورية في الحضارة الإسلامية,3,2,609
الشمس النجم الذي يهبنا الحياة,3,8,230
هكذا نربي!,2,3,214
السرنديبية اكتشافات علمية وليدة الصدفة,1,8,344
خط الزمن ، قصة فلسطين من ظهور الإنسان إلى زماننا,2,5,266
صناعة الواقع,2,2,356
إلى الجيل الصاعد,2,3,129
الحرب الهادئة,2,7,226
زخرف القول,3,9,345
دليل الجيب للتفكير الانتقادي,2,2,164
التفكير النقدي,3,2,337
الواضح في النحو,3,6,355
الواضح في علم الصرف,3,6,286
نقطة التحول,2,1,124
think and grow rich,1,13,138
النسق القرآني ومشروع الإنسان,3,2,90
The Tipping Point,2,13,287
فن التعامل مع المراهقين,2,3,289
Start with Why,2,13,271
zero to one,2,13,168
blink :The Power of Thinking Without Thinking,2,13,308
فتاة الضباب : أحاديث المرأة.. أين الخلل,3,2,203
من هنا نتعلم,2,2,198
علم النفس في حياتنا اليومية,3,2,582
الجناية على الشافعي,3,9,680
بصحبة كوب من الشاي,1,4,196
365 يوم مع خاتم الأنبياء,1,9,391
صور وخواطر,1,6,288
متعة الحديث,1,6,315
كيف تقرأ كتاباً,2,1,378
قصة العلوم الطبية في الحضارة الإسلامية,2,8,320
الميكروبات والحرب البيولوجية,3,8,187
هكذا علمتني الحياة,1,4,368
اقرا وربك الاكرم,1,4,290
ثروة الامم,2,10,264
الاستثمار : قراءة في المفهوم والأنماط والمحددات,1,10,205
الهدي النبوي في تربية الأولاد في ضوء الكتاب والسنة,2,3,342
مشروع الابن المبدع,2,3,320
الاقتراب من الله (بحث في أصل الكون وكيف بدأ),3,8,353
الأدلة العقلية النقلية على أصول الاعتقاد,3,9,620
امرأة من طراز خاص,1,1,219
خواطر شاب,1,1,164
رحلتي من الشك الى الإيمان,2,2,97
حوار مع صديقي الملحد,2,2,165
ضوابط المعرفة وأصول الالستدلال والمناظرة,3,9,498
خرافة الإلحاد,3,2,674
للكون إله,3,2,819
حروب قذرة,2,11,444
استراتيجية الاستعمار والتحرير,3,11,152
مذابح وجرائم محاكم التفتيش في الأندلس,2,5,213
الإسلام في الصين,2,5,249
المتلاعبون بالعقول,2,7,161
التأمل كيف تصل إلى اليقين,1,9,131
المناعة الفكرية,1,2,160
لماذا نقرأ؟ لطائفة من المفكرين,1,2,324
القرآن وعلم النفس,2,4,122
فن الكلام,1,4,357
الطاقة لعبة الكبار,2,10,357
بيوت بلا ديون,1,10,197
مدارج النحو,1,6,96
عشرة أدباء يتحدثون,1,6,396
عباقرة الحضارة العلمية في الإسلام,2,8,320
فيزياء الجسيمات,2,8,148
تاريخ العرب المعاصر,2,5,264
انتصارات يوسف بن تاشفين,2,5,270
فن التعامل النبوي مع غير المسلمين,2,9,255
الأدلة الجلية على صدق خير البرية ﷺ,2,9,211
العلمانيون والنبوة أبعاد التحريف العلماني لمقامات النبوة,2,2,190
أكثر من 70 وسيلة علمية لنصرة نبينا المصطفى ﷺ,1,9,66
أفي النبوءة شك,2,9,470
إلا تنصروه فقد نصره الله,2,9,200
دليلك المبسط لفهم الاقتصاد,1,10,60
حسن الظن بالله,1,9,201
الوحي الثاني في ضوء الوحي الأول,2,9,294
التأمل: كيف تصل إلى اليقين,1,9,161
حسن الظن بالله,1,9,201
من أجل انطلاقة حضارية,3,4,216
لو كنت طيرا,2,4,266
منهج للبناء الفكري,1,2,137
ظلام من الغرب,2,2,256
ينابيع الرجاء,1,9,272
الحرب الحضارية الأولي,3,2,257
الاقتصاد الإسلامي أسس ومبادئ وأهداف,1,10,148
كشف الأقنعة عن نظريات التنمية الاقتصادية,3,10,282
معارك إسلامية خالدة من بدر حتى غروزني,2,11,199
السيرة العسكرية لخير البرية,2,11,329
بناء الأجيال,1,3,249
مشروع الابن المحبوب,1,3,248
هندسة الجمهور,3,4,202
أسس علم الإجتماع,2,4,259
الأدلة المادية على وجود الله,2,9,134
مبادئ الفسيولوجي علم وظائف الأعضاء,2,8,229
المجرَّات: مقدمة قصيرة جدًّا,2,8,122
فن الادارة,1,1,349
أرتياض العلوم,1,1,264
قواعد الادارة,1,1,369
حب القراءة,1,1,68
التفكير العلمي,2,8,234
الثقافة الآمنة,1,1,259
فلسطين و أكذوبة بيع الأرض,2,5,148
فلسطين واجبات الأمة,2,4,511
المسجد الأقصى المبارك والهيكل المزعوم,2,5,140
الإستعمار الصهيوني في فلسطين,2,5,69
محاكمة الصهيونية الإسرائيلية,3,7,210
دليل فلسطين المبسط,1,5,107
أسباب كارثة فلسطين,1,7,297
فتوح فلسطين,1,5,183
التبيين لمخاطر التطبيع علي المسلمين,2,7,137
صيد الخاطر,2,9,787
الإكسير خلاصة أعمال القلوب من مدارج السالكين لابن القيم,2,9,288
فقدان التوازن الاجتماعي,2,4,72
أسئلة العنف,2,4,444
الفجور السياسي,1,7,146
الحلول المستوردة,2,7,404
إعادة النظر في النظام الدولي الجديد,3,7,330
مبادئ الاقتصاد الاسلامي,1,10,296
عبقرية الإنتصار في المعارك و فتح الأمصار,1,11,241
حرب الطائرات بدون طيار,1,11,257
كيف تربي ابناءك في هذا الزمن,1,3,201
أطفال المسلمين كيف رباهم النبي الأمين,1,3,209
بناء القدرات الدماغية,1,8,180
وتحكي الكيمياء,1,8,201
روائع من التاريخ العثماني,1,5,120
السلطان سيف الدين قطز ومعركة عين جالوت,1,5,180
الجناية على سيبويه,3,6,682
الصراع بين الفكرة الإسلامية والفكرة الغربية,3,2,232
المسلمون في بورما التاريخ والتحديات,2,5,167
الإعلام الإسرائيلي ذراع الجلاد,2,7,90
ايها السادة أخلعوا الاقنعة,3,7,108
Invincible Thinking,1,13,136
صناعة الجوع,3,10,378
كيف تبيع أي شيء لأي إنسان,1,10,260
تربية طفل متمرد,1,3,252
أولادنا ووسائل التواصل الاجتماعي,1,3,104
الأطفال و ما يعايشونه,1,3,289
إعداد الجندي المسلم,2,7,760
أوهام الشرق الأوسط,3,7,760
العولمة,1,7,131
تكوين الملكة اللغوية,1,6,228
أدب التخاطب,1,6,176
برلين مدن العالم الكبرى,2,5,112
التلفزيون وآليات التلاعب بالعقول,2,2,179
صفحات من تاريخ جمهورية البوسنة والهرسك,2,5,144
عربي بين ثقافتين,3,6,424
مدخل إلى الأدب الإسلامي,3,6,156
الطفل العنيد,1,3,147
التربية الذكية,1,3,222
مقدمة قصيرة جدا في علم الأوبئة,1,8,149
الطاقة البديلة مصادرها و استخدامها,1,8,202
ليلى بين الجنة و النار,1,9,334
كيف نتعامل مع السنة النبوية,1,9,220
أدب الكاتب,1,6,456
الأدب الأندلسي بين التأثر و التأثير,1,6,244
من الحريات إلى التحرر,1,2,227
تاريخ أوروبا فى العصور الوسطى,2,5,401
أرتيريا و الحبشة,2,5,121
الأمم المتحدة مقدمة قصيرة جدا,2,7,162
كراهية الديموقراطية,2,7,127
قراءات معرفية في الفكر الأصولي,1,2,179
الأسلحة النووية مقدمة قصيرة جدا,2,11,148
علم النفس العسكري,3,11,366
كتاب الانسان المهدور دراسة تحليلية نفسية إجتماعية.,2,4,352
كتاب الإكتئاب - اضطراب العصر الحديث فهمه وأساليب علاجه,2,4,355
صراع الدببة و الثيران,3,10,243
التبعية الاقتصادية في الدول العربية و علاجها في الاقتصاد الإسلامي.,2,10,405
مشروع الابن البطل,2,3,184
كيف ربى المسلمون أبنائهم.,2,3,340
التنبؤ الوراثي,2,8,295
موجز تاريخ كل شيء تقريبا,2,8,592
الغرباء الأولون,2,9,257
السيرة المستنيرة,2,9,677
البلاغة فنونها وأفنانها علم البيان والبديع,3,6,429
فصول في الثقافة و الأدب,1,6,320
ما الديموقراطية؟,2,7,348
مأساة سياسة القوى العظمى,3,7,657
مصطلح التاريخ,2,5,254
بيزنطة و العالم الخارجي,2,5,313
فن الحرب البحرية في التاريخ العربي الإسلامي,3,11,228
العسكرية الإسلامية فى العصور الوسطى حطين وعين جالوت,2,11,135
الإسلام و الأوضاع الإقتصادية,2,10,150
التكافل الإجتماعي في الإسلام.,1,4,95
١٠١ استراتيجية في التعلم النشط,1,3,200
ابن زمانه,2,3,134
مفاهيم تربوية حديثة,2,3,414
مرجعك في التربية والتعليم,2,3,318
من قتل الابداع وكيف يمكن اعادته للحياة,1,3,312
"تكنولوجيا الاتصال "" قضايا معاصرة",2,4,308
الثقافة والكرامة حوار بين الشرق الأوسط والغرب,2,4,270
الثقافة واجهزتها,2,6,68
المدرسة النمساوية في الإقتصاد,2,10,102
خطأ في السعر,2,10,300
قوة الاقتصاد,2,10,310
التجارة الالكترونية والفكر المحاسبي,1,10,100
لكنود,1,1,216
مفاهيم وآليات,1,1,132
مباحث في علوم القرآن,2,9,384
نور وهداية,1,9,288
وليتبروا ما علو تتبيراً بشرى المؤمنين,2,9,300
مستقبل الخوف,3,2,370
تكنولوجيا الاتصالات الحديثة في عصر المعلومات,2,8,293
تكنولوجيا الإعلام و الاتصال,2,8,260
نظريات الاتصال في القرن الحادي و العشرين,2,8,385
فلسفة التاريخ نحو تفسير اسلامي للسنن الكونية و النواميس الاجتماعية,2,5,241
أمريكا والعالم في التاريخ الحديث والمعاصر,1,5,347
الوسيط في القانون الدولي العام,2,7,461
مقدمة في علم العلاقات الدولية,1,7,218
القانون الدولي الخاص,3,7,343
ابو حنيفة والقيم الإسلامية في مذهبه,2,4,183
التكنولوجيا الإكترونية,2,8,232
التكنولوجيا الرقمية,2,8,332
سلطة النفط و التحول في ميزان القوى العالمية.,3,10,216
الكون الرقمي الثورة العالمية للاتصالات,3,8,358
قوة الصورة ، كيف نقاومها ؟ و كيف نستثمرها ؟,2,4,199
الإسلام والحضارات,1,5,179
رمضان ثورة التغيير,1,9,182
روح الصيام ومعانيه,1,9,140
يوم في حياة مسلم في رمضان,1,9,145
مع الصيام,1,9,313
رمضان بين يديك يوما بيوم,1,9,313
معاني الأذكار,1,9,182
المشوق إلى القرآن,2,9,178
العجوز والعصفور,1,14,18
أرنوب و الكذب,1,14,14
البوق و الناقوس,1,15,18
الشريكان الموادع و المحتال,1,15,19
التيس الطائش الصغير,1,15,18
أطلس الأطفال المصور,1,15,53
ضوء النهار والملك زنكار,1,15,32
أمانة صياد,1,15,20
ليلة المهرجان,1,15,16
كن صادقا,1,15,20
لغز الفتاة المشلولة,1,15,49
البلاء العظيم,1,15,24
الطاووس الأبيض,1,15,18
الهجرة المباركة,1,15,20
أحكام الطهارة,1,15,24
المتصدق,1,15,28
كن بارا,1,15,20
الضرير و الكسيح,1,15,9
يوسف عليه السلام,1,15,14
ذات الرداء الاخضر,1,15,18
الفتى الطموح,1,15,9
قصص رواها النبي,1,15,82
صغارنا يسألون كيف تعمل الأشياء,1,15,20
كم حياة ستعيش,1,1,114
افتح النافذة ثمة ضوء,1,1,48
الحيل النفسية,1,3,47
تربية القادة,1,3,48
أن تكون نفسك,1,3,195
الهمة طريق إلى القمة,1,3,83
نساء في التاريخ,1,5,131
خطط لحياتك,1,1,133
30 قانون للمذاكرة الفعالة,1,1,172
المسلم الجديد :مقولات قصيرة في بناء الذات,1,9,131
أدرك أهلك قبل أن يحترقوا,1,9,82
من عجائب الخلق في عالم النبات,1,8,176
النجوم من ولادتها حتى تصبح ثقوباً سوداء,1,8,65
لماذا؟! أنت تسأل والفيزياء تجيب,1,8,116
الوقت في حياة المسلم,1,1,71
الشرك الخفي,1,9,74
رقائق القرآن,1,9,176
كوني صحابية,1,9,176
هل انتهى عصر المعجزات؟,1,1,19
الحمار الكذّاب,1,6,20
ذكاء الأنبياء,1,1,62
تجارب عملية مع الماء,1,8,32
سعيد سعيد!,1,1,26
مدرسة من؟,1,1,26
نبأ ابني آدم والغراب,1,5,13
الملك طالوت والنهر,1,5,13
مدائن إسلامية (القيروان),1,5,19
مدائن إسلامية (مكة المكرمة),1,5,18
أصحاب الجنة,1,9,13
قصة الحبة العاشرة,1,6,17
مدائن إسلامية (استانبول),1,5,18
حكاية الصياد والسمكة,1,6,32
قصة هارون الرّشيد الخليفة العابد المجاهد,1,5,20
تجارب عملية مع الضوء,1,8,32
اشعب في بلاد الواق واق,1,6,17
تجارب عملية مع الحركة,1,8,32
تجارب عملية مع المغناطيس,1,8,32
تجارب عملية مع الهواء,1,8,32
أجمل حكايات الحيوانات,1,6,40
اذهب بعيدا عني,1,1,28
100 تجربة علمية,1,8,99
كتاب الحرب على الكسل,1,3,117
العلم يدهشنا,1,8,56
جسم الانسان -سلسلة العلوم المبسطة,1,8,67
معنى الحياة,2,4,351
أرنوب والكسل,1,6,14
عباس بن فرناس:حكيم الأندلس,1,5,19
أفضل 365 حكاية للأطفال,1,6,278
حذاء الطنبوري,1,6,23
جعلوني مربعا ( مجلة ميكي ),1,1,12
عبقرينو والبذور السائلة ( مجلة ميكي ),1,6,15
الموسوعة العلمية للأطفال,1,8,83
متن الأربعين النووية,3,9,116
لك صمت ، حول فقه الصيام للأطفال,1,9,12
خير الاعمال في رمضان,1,9,17
منهاج الطفل المسلم,1,3,139
علمني النبي صلى الله عليه وسلم - فرائض الطفل المسلم,1,3,82
سلسلة السيرة النبوية للأطفال,1,9,83
سلسلة العشرة المبشرون بالجنة,1,12,160
يوميات مؤمن : بر الوالدين,1,3,24
يوميات مؤمن : المحافظة على الصلاة,1,9,24
يوميات مؤمن : طلب العلم,1,1,24
يوميات مؤمن اداب حفظ القران الكريم,1,3,24
يوميات مؤمن : اغتنام الوقت,1,1,24
يوميات مؤمن: آداب المسجد,1,3,24
قصة الملك العادل,1,6,45
الذي يعطى كثيرا لا يبخل بالقليل ( جحا ونوادره ),1,1,17
سيرة خاتم النبيين,1,12,355
حكايات من التاريخ ( جابر عثرات الكرام ),1,5,42
رجال ونساء حول الرسول صلى الله عليه وسلم للاطفال,1,12,63
لبيب ولبيبة والأسرة السعيدة / الجزء الثاني,1,3,26
لبيب ولبيبة والأسرة السعيدة-الجزء الأول,1,3,34
من الذي حرك قطعى الجبن الخاصة بي,1,1,18
من الإنسان الأبتر إلى الإنسان الكوثر,2,3,115
قصص مفيدة -قصص الجيران وحقوقهم,1,3,52
قصة حاولي أن تقرئي,1,1,16
الفكر والحدث,2,2,277
قطار الجنة,1,9,192
